ds,Account,y,Quantity,Transactions
2022-04-01,Account A,2547015.5500000003,417.6,38.0
2022-04-02,Account A,4016314.2,4261.74,67.0
2022-04-03,Account A,3637565.83,6757.0,91.0
2022-04-04,Account A,11432001.26,664818.0,76.0
2022-04-05,Account A,7027125.59,12234.14,134.0
2022-04-06,Account A,5461611.554,10922.268,118.0
2022-04-07,Account A,10440905.48,32710.978,170.0
2022-04-08,Account A,7298224.27,10880.0,160.0
2022-04-09,Account A,6692283.61,6753.827,122.0
2022-04-10,Account A,5549487.33,11468.0,110.0
2022-04-11,Account A,5402087.39,4001.723,99.0
2022-04-12,Account A,9099060.68,12137.319,169.0
2022-04-13,Account A,8877002.45,60652.66,188.0
2022-04-14,Account A,5159391.67,6981.0,110.0
2022-04-15,Account A,7405654.9,14102.321,98.0
2022-04-16,Account A,9322941.75,9270.085,123.0
2022-04-17,Account A,4375771.21,9546.0,96.0
2022-04-18,Account A,5164032.53,5283.54,102.0
2022-04-19,Account A,7211597.84,11152.34,138.0
2022-04-20,Account A,6749446.65,13238.82,147.0
2022-04-21,Account A,8908336.84,10513.34,144.0
2022-04-22,Account A,9286886.89,21501.0,192.0
2022-04-23,Account A,9526836.79,21349.12,175.0
2022-04-24,Account A,5075053.82,66191.0,118.0
2022-04-25,Account A,4675534.6,3237.728,89.0
2022-04-26,Account A,8676190.72,18043.7,158.0
2022-04-27,Account A,8097585.9,14298.0,161.0
2022-04-28,Account A,8381358.66,23830.0,188.0
2022-04-29,Account A,8874054.73,9643.66,153.0
2022-04-30,Account A,13550905.24,26433.3,236.0
2022-05-01,Account A,1248021.42,3168.0,33.0
2022-05-02,Account A,3362174.22,1149.26,61.0
2022-05-03,Account A,8948231.209999999,43432.02,176.0
2022-05-04,Account A,7480274.3,10427.18,124.0
2022-05-05,Account A,8806018.71,24969.14,150.0
2022-05-06,Account A,9473888.32,46684.151,179.0
2022-05-07,Account A,7871935.79,14465.0,188.0
2022-05-08,Account A,5573312.01,9323.0,108.0
2022-05-09,Account A,5652466.4799999995,5253.78,119.0
2022-05-10,Account A,9193047.09,18624.508,198.0
2022-05-11,Account A,8482905.1,11133.36,168.0
2022-05-12,Account A,11255949.540000001,51658.017,214.0
2022-05-13,Account A,10000114.82,13976.08,168.0
2022-05-14,Account A,9689290.77,13380.358,149.0
2022-05-15,Account A,6659117.9,10171.422,119.0
2022-05-16,Account A,4384058.28,2278.98,69.0
2022-05-17,Account A,8653092.44,65663.0,169.0
2022-05-18,Account A,9170542.09,10361.7,209.0
2022-05-19,Account A,7781399.95,12949.46,131.0
2022-05-20,Account A,9945164.35,13120.58,184.0
2022-05-21,Account A,7631100.04,71357.64,177.0
2022-05-22,Account A,6741223.63,11217.0,144.0
2022-05-23,Account A,4702621.28,12887.0,89.0
2022-05-24,Account A,9152481.4,95823.18,164.0
2022-05-25,Account A,9071522.78,7925.72,150.0
2022-05-26,Account A,10219530.54,28381.0,183.0
2022-05-27,Account A,8679411.24,24846.06,181.0
2022-05-28,Account A,8935963.16,9611.92,161.0
2022-05-29,Account A,6046687.53,10483.0,115.0
2022-05-30,Account A,7558468.67,2864.15,61.0
2022-05-31,Account A,9735852.07,46215.74,215.0
2022-06-01,Account A,6024326.87,11880.82,100.0
2022-06-02,Account A,6712276.31,7752.13,79.0
2022-06-03,Account A,6487851.1899999995,8328.0,141.0
2022-06-04,Account A,7324444.12,19481.0,134.0
2022-06-05,Account A,5165759.04,26793.0,98.0
2022-06-06,Account A,5572290.38,8676.0,104.0
2022-06-07,Account A,8597870.79,14153.862000000001,137.0
2022-06-08,Account A,10732699.63,46894.0,178.0
2022-06-09,Account A,6923079.89,8096.32,122.0
2022-06-10,Account A,7551198.58,8149.2,139.0
2022-06-11,Account A,7290787.49,7325.0,109.0
2022-06-12,Account A,6279547.77,9225.0,153.0
2022-06-13,Account A,4862444.42,1785.88,73.0
2022-06-14,Account A,9222004.58,13446.54,174.0
2022-06-15,Account A,9355702.39,11835.0,163.0
2022-06-16,Account A,8466226.49,13147.886,160.0
2022-06-17,Account A,8228313.56,61169.0,160.0
2022-06-18,Account A,9788961.77,10673.5,177.0
2022-06-19,Account A,7507982.81,9875.0,139.0
2022-06-20,Account A,5384047.38,30152.02,77.0
2022-06-21,Account A,9078834.37,8186.2,158.0
2022-06-22,Account A,10415811.45,19622.0,208.0
2022-06-23,Account A,9123288.92,23912.0,163.0
2022-06-24,Account A,11737205.4,16474.386,203.0
2022-06-25,Account A,11608234.549999999,13515.463,232.0
2022-06-26,Account A,7590418.14,14000.0,138.0
2022-06-27,Account A,6182247.51,10040.0,99.0
2022-06-28,Account A,10232339.77,13206.04,187.0
2022-06-29,Account A,11414950.66,39568.009,184.0
2022-06-30,Account A,9592217.32,13470.2,177.0
2022-07-01,Account A,7616450.47,12743.74,124.0
2022-07-02,Account A,9273622.93,63036.36,140.0
2022-07-03,Account A,5735522.96,15226.0,135.0
2022-07-04,Account A,6315021.05,10264.5,90.0
2022-07-05,Account A,8074791.51,11397.18,147.0
2022-07-06,Account A,8951691.72,88494.0,192.0
2022-07-07,Account A,12908025.75,76151.0,205.0
2022-07-08,Account A,7073266.17,16053.0,149.0
2022-07-09,Account A,10696017.06,17152.08,173.0
2022-07-10,Account A,4389742.89,5450.0,102.0
2022-07-11,Account A,6062518.51,6920.8,96.0
2022-07-12,Account A,10893754.315,10597.355,155.0
2022-07-13,Account A,10275484.57,26305.739999999998,191.0
2022-07-14,Account A,8684863.25,9128.44,133.0
2022-07-15,Account A,10412571.89,16181.380000000001,173.0
2022-07-16,Account A,9813776.52,13738.9,178.0
2022-07-17,Account A,6590665.6,17683.0,163.0
2022-07-18,Account A,6968932.32,4672.08,107.0
2022-07-19,Account A,8265298.46,41615.0,152.0
2022-07-20,Account A,8781570.94,35872.0,183.0
2022-07-21,Account A,9247101.27,13734.68,178.0
2022-07-22,Account A,11612801.07,50805.1,214.0
2022-07-23,Account A,9797000.05,13103.68,183.0
2022-07-24,Account A,6442656.63,13639.0,149.0
2022-07-25,Account A,6424294.97,6533.26,110.0
2022-07-26,Account A,9048892.32,19191.239999999998,158.0
2022-07-27,Account A,9002865.82,17963.48,165.0
2022-07-28,Account A,9331929.11,20468.0,198.0
2022-07-29,Account A,9515488.53,21776.9,174.0
2022-07-30,Account A,7968749.06,14817.3,166.0
2022-07-31,Account A,10699809.44,15404.0,216.0
2022-08-01,Account A,3189095.2,2565.78,30.0
2022-08-02,Account A,7666558.39,48898.0,182.0
2022-08-03,Account A,8342305.97,51016.585,194.0
2022-08-04,Account A,10621280.87,19845.7,168.0
2022-08-05,Account A,10068899.99,9679.6,158.0
2022-08-06,Account A,9577576.19,15061.34,208.0
2022-08-07,Account A,6832770.54,10674.0,156.0
2022-08-08,Account A,6488253.86,12837.437,119.0
2022-08-09,Account A,9524243.49,16590.0,190.0
2022-08-10,Account A,10824067.05,50599.66,195.0
2022-08-11,Account A,9812064.42,12090.198,169.0
2022-08-12,Account A,10388241.95,45495.380000000005,218.0
2022-08-13,Account A,11720777.21,32168.05,229.0
2022-08-14,Account A,8082730.3,14492.0,174.0
2022-08-15,Account A,1024028.69,601.0,13.0
2022-08-16,Account A,7261240.95,9316.01,123.0
2022-08-17,Account A,11383375.63,11825.0,202.0
2022-08-18,Account A,10209158.42,22978.0,181.0
2022-08-19,Account A,9610477.209999999,14266.11,180.0
2022-08-20,Account A,10458980.73,53451.020000000004,177.0
2022-08-21,Account A,6248056.22,11874.0,128.0
2022-08-22,Account A,6571953.36,7338.93,108.0
2022-08-23,Account A,26957596.78,32913.39,238.0
2022-08-24,Account A,9132259.52,13126.88,170.0
2022-08-25,Account A,11437599.33,260140.71,334.0
2022-08-26,Account A,11884002.79,43681.21,186.0
2022-08-27,Account A,9914231.81,13903.0,192.0
2022-08-28,Account A,11541856.28,79738.0,246.0
2022-08-29,Account A,6711197.864999999,2762.198,86.0
2022-08-30,Account A,11617513.09,60949.964,220.0
2022-08-31,Account A,5925947.82,11066.0,110.0
2022-09-01,Account A,6797379.2,5306.52,93.0
2022-09-02,Account A,11856884.14,20592.718,197.0
2022-09-03,Account A,9620206.45,11343.14,152.0
2022-09-04,Account A,7289657.76,53534.0,152.0
2022-09-05,Account A,6666594.91,5343.94,104.0
2022-09-06,Account A,10796195.16,12691.0,201.0
2022-09-07,Account A,9855032.54,12179.0,192.0
2022-09-08,Account A,8984471.72,15425.0,168.0
2022-09-09,Account A,11547733.64,22313.66,168.0
2022-09-10,Account A,10913856.99,15094.04,185.0
2022-09-11,Account A,7701616.29,41808.0,148.0
2022-09-12,Account A,5722666.42,4695.42,91.0
2022-09-13,Account A,11102391.97,15069.0,196.0
2022-09-14,Account A,10843934.67,17714.42,215.0
2022-09-15,Account A,11548418.55,54524.44,175.0
2022-09-16,Account A,10762709.79,10993.88,172.0
2022-09-17,Account A,9665517.9,13833.62,170.0
2022-09-18,Account A,9358143.91,15918.0,155.0
2022-09-19,Account A,6672202.21,10427.0,131.0
2022-09-20,Account A,9405960.5,16496.2,177.0
2022-09-21,Account A,12676773.22,23255.38,214.0
2022-09-22,Account A,12347091.25,199887.12,325.0
2022-09-23,Account A,12197448.49,77358.0,254.0
2022-09-24,Account A,10600227.53,10576.6,218.0
2022-09-25,Account A,7482088.04,45890.0,172.0
2022-09-26,Account A,7440485.37,7246.0599999999995,138.0
2022-09-27,Account A,12405133.33,13557.52,220.0
2022-09-28,Account A,11473336.82,11315.54,196.0
2022-09-29,Account A,12040243.25,19304.16,214.0
2022-09-30,Account A,16966421.14,18066.84,308.0
2022-10-01,Account A,4776474.08,14791.74,84.0
2022-10-02,Account A,3490941.9299999997,7925.0,65.0
2022-10-03,Account A,4720395.27,3981.74,76.0
2022-10-04,Account A,2640923.19,6841.0,63.0
2022-10-05,Account A,5239767.57,42900.0,88.0
2022-10-06,Account A,11678771.2,60157.8,202.0
2022-10-07,Account A,10139971.57,13761.657,189.0
2022-10-08,Account A,9643830.11,15238.0,166.0
2022-10-09,Account A,6436234.26,12325.0,123.0
2022-10-10,Account A,6690924.82,12978.0,92.0
2022-10-11,Account A,10853759.72,15924.038,202.0
2022-10-12,Account A,9086169.49,13229.44,152.0
2022-10-13,Account A,13409705.629999999,35076.498,195.0
2022-10-14,Account A,10564113.6,16050.22,183.0
2022-10-15,Account A,11314495.49,40834.202,194.0
2022-10-16,Account A,6278831.02,16631.0,122.0
2022-10-17,Account A,5823895.26,6363.74,100.0
2022-10-18,Account A,9747195.43,14777.2,140.0
2022-10-19,Account A,9173705.67,11772.26,148.0
2022-10-20,Account A,8701978.85,17673.98,160.0
2022-10-21,Account A,10556838.4,14735.18,193.0
2022-10-22,Account A,7614655.58,9193.94,127.0
2022-10-23,Account A,3813201.26,7543.0,83.0
2022-10-24,Account A,0.0,0.0,0.0
2022-10-25,Account A,1640221.95,364.0,12.0
2022-10-26,Account A,5501827.13,7974.96,69.0
2022-10-27,Account A,7995881.19,37342.32,144.0
2022-10-28,Account A,9882463.02,12166.658,173.0
2022-10-29,Account A,10758401.39,16361.36,179.0
2022-10-30,Account A,8485537.24,14193.0,177.0
2022-10-31,Account A,14643665.129999999,15880.5,243.0
2022-11-01,Account A,4309783.16,5089.4,60.0
2022-11-02,Account A,5850800.31,14328.864,115.0
2022-11-03,Account A,9580842.73,14998.0,172.0
2022-11-04,Account A,8050767.6899999995,38534.92,114.0
2022-11-05,Account A,7441919.57,29586.0,148.0
2022-11-06,Account A,5170060.04,11379.0,88.0
2022-11-07,Account A,6146920.1,4854.0,101.0
2022-11-08,Account A,5951438.69,13182.0,104.0
2022-11-09,Account A,7341216.96,8823.0,122.0
2022-11-10,Account A,6728692.0200000005,10176.1,109.0
2022-11-11,Account A,7156825.92,42144.59,126.0
2022-11-12,Account A,9370242.19,14689.56,148.0
2022-11-13,Account A,1263220.69,1472.0,18.0
2022-11-14,Account A,6184759.89,5095.66,77.0
2022-11-15,Account A,10045877.66,14646.123,144.0
2022-11-16,Account A,8456938.1,16338.26,141.0
2022-11-17,Account A,8927834.11,13056.04,121.0
2022-11-18,Account A,10411985.799999999,10713.42,165.0
2022-11-19,Account A,8280224.6,11512.83,141.0
2022-11-20,Account A,5529138.81,13485.0,101.0
2022-11-21,Account A,6410314.22,4159.66,87.0
2022-11-22,Account A,9757178.709999999,36896.94,178.0
2022-11-23,Account A,13014620.37,19939.66,162.0
2022-11-24,Account A,9706234.1,43298.54,157.0
2022-11-25,Account A,6629119.91,5717.9,120.0
2022-11-26,Account A,9315286.66,22257.72,153.0
2022-11-27,Account A,811925.68,164.0,13.0
2022-11-28,Account A,5538539.65,6788.52,100.0
2022-11-29,Account A,10492662.72,16507.134,162.0
2022-11-30,Account A,10544705.31,18398.65,175.0
2022-12-01,Account A,5590695.5600000005,8823.5,87.0
2022-12-02,Account A,5977933.02,12000.85,110.0
2022-12-03,Account A,6150289.2,12181.48,101.0
2022-12-04,Account A,2230025.43,4630.0,42.0
2022-12-05,Account A,6667874.48,5634.0,115.0
2022-12-06,Account A,7772545.7299999995,28247.239999999998,136.0
2022-12-07,Account A,7207625.07,7842.0,145.0
2022-12-08,Account A,7268428.265,13752.036,108.0
2022-12-09,Account A,8061572.43,8667.0,118.0
2022-12-10,Account A,3898303.2,2510.88,68.0
2022-12-11,Account A,4118899.73,7496.187,86.0
2022-12-12,Account A,6479941.77,2630.58,86.0
2022-12-13,Account A,10997281.07,21706.260000000002,177.0
2022-12-14,Account A,8483739.93,22083.6,128.0
2022-12-15,Account A,9919155.48,34518.35,159.0
2022-12-16,Account A,7723295.95,33196.1,154.0
2022-12-17,Account A,7243495.43,9782.53,108.0
2022-12-18,Account A,2877507.02,6224.5,52.0
2022-12-19,Account A,5766239.82,4077.49,80.0
2022-12-20,Account A,8586839.4,19961.304,142.0
2022-12-21,Account A,7128025.27,16126.74,85.0
2022-12-22,Account A,4555592.9,13118.92,66.0
2022-12-23,Account A,30844743.25,141944.0,177.0
2022-12-24,Account A,4472299.43,49395.09,86.0
2022-12-25,Account A,629212.12,543.0,19.0
2022-12-26,Account A,19535895.39,608743.0,257.0
2022-12-27,Account A,4891850.96,5243.31,82.0
2022-12-28,Account A,5088584.7,7724.6,118.0
2022-12-29,Account A,3827814.55,8480.0,67.0
2022-12-30,Account A,8586835.86,15192.29,107.0
2022-12-31,Account A,7733882.35,37585.4,170.0
2023-01-01,Account A,432190.22,1021.0,11.0
2023-01-02,Account A,2505747.12,3963.0,44.0
2023-01-03,Account A,7333168.6,11419.0,131.0
2023-01-04,Account A,7449313.11,12547.61,112.0
2023-01-05,Account A,8517223.26,12601.5,152.0
2023-01-06,Account A,6130994.49,12333.18,114.0
2023-01-07,Account A,7116892.09,7994.0,123.0
2023-01-08,Account A,2041294.59,25249.0,47.0
2023-01-09,Account A,5450559.55,7593.0,105.0
2023-01-10,Account A,8111473.19,13792.5,172.0
2023-01-11,Account A,8414324.68,8562.24,159.0
2023-01-12,Account A,9887570.33,14999.856,166.0
2023-01-13,Account A,8384098.66,18233.0,159.0
2023-01-14,Account A,4723166.86,6650.3,98.0
2023-01-15,Account A,3023986.47,21820.5,69.0
2023-01-16,Account A,542203.19,136.0,11.0
2023-01-17,Account A,970538.4,233.42000000000002,15.0
2023-01-18,Account A,7641872.95,38100.0,147.0
2023-01-19,Account A,9017177.02,18533.8,145.0
2023-01-20,Account A,7917092.21,14678.880000000001,140.0
2023-01-21,Account A,7078992.3,17097.02,142.0
2023-01-22,Account A,6493569.54,27372.0,152.0
2023-01-23,Account A,5598207.84,274163.12,88.0
2023-01-24,Account A,9091797.07,17244.26,162.0
2023-01-25,Account A,6506149.6899999995,9678.0,129.0
2023-01-26,Account A,3587921.66,8729.252,80.0
2023-01-27,Account A,4739651.94,1263.18,77.0
2023-01-28,Account A,7932639.74,9937.28,118.0
2023-01-29,Account A,5553585.25,11389.0,106.0
2023-01-30,Account A,5651072.9399999995,7686.0,96.0
2023-01-31,Account A,9641957.59,13811.42,169.0
2023-02-01,Account A,4223917.89,29916.0,82.0
2023-02-02,Account A,7340510.62,10393.81,120.0
2023-02-03,Account A,7708421.12,34711.41,137.0
2023-02-04,Account A,5366216.45,9463.36,88.0
2023-02-05,Account A,2038382.21,4078.0,45.0
2023-02-06,Account A,6934969.7299999995,15818.78,109.0
2023-02-07,Account A,5765993.6,10560.0,107.0
2023-02-08,Account A,8200676.03,12293.662,159.0
2023-02-09,Account A,8514770.01,32336.78,189.0
2023-02-10,Account A,8582732.27,15335.32,163.0
2023-02-11,Account A,5292870.06,7983.0,101.0
2023-02-12,Account A,1500717.49,4956.0,42.0
2023-02-13,Account A,6386166.41,15024.491,92.0
2023-02-14,Account A,8435522.15,24044.0,170.0
2023-02-15,Account A,7388410.45,8029.16,150.0
2023-02-16,Account A,10791280.68,9790.064,193.0
2023-02-17,Account A,9573654.86,12644.64,171.0
2023-02-18,Account A,6840787.43,12207.8,139.0
2023-02-19,Account A,4436180.02,6473.0,91.0
2023-02-20,Account A,4127409.27,13489.0,73.0
2023-02-21,Account A,8784579.7,71197.57,197.0
2023-02-22,Account A,6736358.05,9222.1,164.0
2023-02-23,Account A,8185713.38,10009.0,167.0
2023-02-24,Account A,7514629.63,52977.521,165.0
2023-02-25,Account A,8165796.65,10836.22,183.0
2023-02-26,Account A,3473567.9099999997,5605.0,71.0
2023-02-27,Account A,5629711.52,7641.32,92.0
2023-02-28,Account A,9169347.58,11232.0,176.0
2023-03-01,Account A,7919373.16,19305.24,124.0
2023-03-02,Account A,7288017.359999999,13770.2,128.0
2023-03-03,Account A,8278290.39,22220.0,140.0
2023-03-04,Account A,8440642.209999999,8402.62,135.0
2023-03-05,Account A,4695683.44,9447.0,83.0
2023-03-06,Account A,6200802.62,16020.48,81.0
2023-03-07,Account A,9230630.13,16341.162,157.0
2023-03-08,Account A,8339619.79,31696.0,161.0
2023-03-09,Account A,7799561.59,8612.0,144.0
2023-03-10,Account A,7655708.25,9914.85,151.0
2023-03-11,Account A,6753860.3,4329.96,123.0
2023-03-12,Account A,5105467.34,11962.5,112.0
2023-03-13,Account A,5103245.93,8589.84,104.0
2023-03-14,Account A,8452619.3,77333.24,195.0
2023-03-15,Account A,8314497.12,14299.066,189.0
2023-03-16,Account A,8892102.94,17984.95,193.0
2023-03-17,Account A,7844573.41,57378.270000000004,170.0
2023-03-18,Account A,9033503.87,16691.09,200.0
2023-03-19,Account A,5949875.43,7782.0,123.0
2023-03-20,Account A,5625361.85,11275.99,99.0
2023-03-21,Account A,6755784.2,6460.42,143.0
2023-03-22,Account A,4116793.5,10420.63,81.0
2023-03-23,Account A,4225395.47,17400.0,81.0
2023-03-24,Account A,5449057.08,9443.28,129.0
2023-03-25,Account A,3337681.0,23505.82,82.0
2023-03-26,Account A,1064960.58,4293.0,17.0
2023-03-27,Account A,1440259.88,1269.26,7.0
2023-03-28,Account A,2481887.53,4222.54,56.0
2023-03-29,Account A,4878844.5,7862.717,77.0
2023-03-30,Account A,5074103.91,7290.84,82.0
2023-03-31,Account A,7579585.16,-56489.0,173.0
2023-04-01,Account A,3246693.15,5261.44,75.0
2023-04-02,Account A,3753108.07,34327.0,98.0
2023-04-03,Account A,6065075.87,12408.0,121.0
2023-04-04,Account A,9963383.26,23109.16,194.0
2023-04-05,Account A,10399940.24,18661.7,214.0
2023-04-06,Account A,8703357.88,16076.36,189.0
2023-04-07,Account A,12793927.04,11349.982,176.0
2023-04-08,Account A,8802486.74,10582.48,147.0
2023-04-09,Account A,5534890.23,11636.0,135.0
2023-04-10,Account A,7554226.9,4633.268,112.0
2023-04-11,Account A,8810539.2,29934.88,170.0
2023-04-12,Account A,8811529.28,14141.0,189.0
2023-04-13,Account A,9238880.2,10298.0,179.0
2023-04-14,Account A,7536093.74,11120.638,146.0
2023-04-15,Account A,4174181.78,12220.92,63.0
2023-04-16,Account A,5545287.44,9206.0,98.0
2023-04-17,Account A,6307916.99,41777.17,115.0
2023-04-18,Account A,10548405.32,52618.21,210.0
2023-04-19,Account A,13242477.19,560595.682,209.0
2023-04-20,Account A,8526061.56,10542.5,176.0
2023-04-21,Account A,10471746.129999999,16214.56,177.0
2023-04-22,Account A,9689335.95,21211.16,183.0
2023-04-23,Account A,6657205.54,13030.0,146.0
2023-04-24,Account A,6680051.6899999995,6836.8099999999995,113.0
2023-04-25,Account A,8085377.06,12823.864,179.0
2023-04-26,Account A,10650212.0,12470.31,227.0
2023-04-27,Account A,9691425.24,41489.94,163.0
2023-04-28,Account A,9059321.93,14222.18,151.0
2023-04-29,Account A,8562860.78,40881.557,160.0
2023-04-30,Account A,8300833.96,23323.0,171.0
2023-05-01,Account A,0.0,0.0,0.0
2023-05-02,Account A,3803026.07,6000.76,62.0
2023-05-03,Account A,5915612.7,10467.83,124.0
2023-05-04,Account A,8198153.45,15944.169,146.0
2023-05-05,Account A,7083667.89,12893.41,104.0
2023-05-06,Account A,7076674.68,11078.44,138.0
2023-05-07,Account A,3086605.27,22899.0,63.0
2023-05-08,Account A,5676892.04,6872.383,82.0
2023-05-09,Account A,8872931.19,162249.0,261.0
2023-05-10,Account A,7951322.29,17853.09,144.0
2023-05-11,Account A,8066173.489999999,16117.15,135.0
2023-05-12,Account A,8121828.67,12443.62,154.0
2023-05-13,Account A,8156445.43,10405.78,139.0
2023-05-14,Account A,4947131.05,9618.0,94.0
2023-05-15,Account A,6353730.82,7313.04,101.0
2023-05-16,Account A,8042627.899999999,33194.0,145.0
2023-05-17,Account A,10131377.62,12602.72,162.0
2023-05-18,Account A,8207776.72,23550.96,134.0
2023-05-19,Account A,12062109.69,16368.499,184.0
2023-05-20,Account A,8798160.66,16649.45,152.0
2023-05-21,Account A,4272222.94,9056.0,86.0
2023-05-22,Account A,7894308.445,46564.208,141.0
2023-05-23,Account A,9607593.8,10555.67,160.0
2023-05-24,Account A,6076484.7299999995,7887.2,110.0
2023-05-25,Account A,9420119.57,12589.16,187.0
2023-05-26,Account A,8701519.5,14828.2,171.0
2023-05-27,Account A,9993768.87,18219.57,187.0
2023-05-28,Account A,5789658.76,45212.0,110.0
2023-05-29,Account A,6228335.0,7193.0,124.0
2023-05-30,Account A,8151923.79,10008.22,177.0
2023-05-31,Account A,11385549.709999999,18224.99,191.0
2023-06-01,Account A,7219323.14,14092.81,133.0
2023-06-02,Account A,9783684.629999999,19154.79,197.0
2023-06-03,Account A,8343074.45,18640.33,156.0
2023-06-04,Account A,4475649.23,9134.0,67.0
2023-06-05,Account A,7003226.91,8846.755,103.0
2023-06-06,Account A,8980878.32,13883.7,155.0
2023-06-07,Account A,8630315.9,54339.0,175.0
2023-06-08,Account A,8916335.51,14165.02,155.0
2023-06-09,Account A,11081694.56,28409.239999999998,200.0
2023-06-10,Account A,8862235.61,15673.32,161.0
2023-06-11,Account A,6466056.29,10553.0,137.0
2023-06-12,Account A,35787716.160000004,10738.675,155.0
2023-06-13,Account A,10598053.43,15340.992,212.0
2023-06-14,Account A,28790199.89,12545.64,183.0
2023-06-15,Account A,9704076.25,13163.63,166.0
2023-06-16,Account A,9571943.6,10613.59,186.0
2023-06-17,Account A,9760268.7,20762.33,185.0
2023-06-18,Account A,4387815.08,24504.0,107.0
2023-06-19,Account A,9486928.732,152042.783,276.0
2023-06-20,Account A,9055412.68,9915.116,163.0
2023-06-21,Account A,37388415.49,14851.6,240.0
2023-06-22,Account A,11155917.08,16485.14,220.0
2023-06-23,Account A,10784156.67,15219.85,221.0
2023-06-24,Account A,8576374.95,43934.0,199.0
2023-06-25,Account A,8211285.33,16202.0,182.0
2023-06-26,Account A,5566971.87,6918.896,84.0
2023-06-27,Account A,10887272.32,50111.78,208.0
2023-06-28,Account A,9882558.63,44462.03,185.0
2023-06-29,Account A,8009349.2,15164.0,167.0
2023-06-30,Account A,9765472.5,14826.98,177.0
2023-07-01,Account A,4819936.35,9638.53,82.0
2023-07-02,Account A,3685774.36,8172.0,82.0
2023-07-03,Account A,7461639.59,8772.41,125.0
2023-07-04,Account A,8665924.15,13339.99,177.0
2023-07-05,Account A,8667809.459999999,21703.22,172.0
2023-07-06,Account A,10454438.85,16986.16,218.0
2023-07-07,Account A,10271499.19,12774.0,188.0
2023-07-08,Account A,9786998.33,15255.5,175.0
2023-07-09,Account A,5223125.62,16448.0,153.0
2023-07-10,Account A,7245760.2,9862.89,131.0
2023-07-11,Account A,12107159.290000001,14367.53,236.0
2023-07-12,Account A,10543927.39,82881.835,249.0
2023-07-13,Account A,13612632.54,18283.17,244.0
2023-07-14,Account A,10849295.1,44088.73,225.0
2023-07-15,Account A,8095629.4399999995,9784.42,163.0
2023-07-16,Account A,5474594.63,11066.0,133.0
2023-07-17,Account A,6964490.76,6954.64,166.0
2023-07-18,Account A,11520281.87,15045.0,219.0
2023-07-19,Account A,8115724.99,14943.07,189.0
2023-07-20,Account A,9665730.37,17936.07,210.0
2023-07-21,Account A,11638198.04,16549.01,222.0
2023-07-22,Account A,9218154.43,15073.703,200.0
2023-07-23,Account A,5082206.12,10604.0,111.0
2023-07-24,Account A,9996652.24,10530.04,161.0
2023-07-25,Account A,9408424.549999999,22407.281,214.0
2023-07-26,Account A,8825324.62,26404.56,185.0
2023-07-27,Account A,9972779.83,17047.418,205.0
2023-07-28,Account A,9775492.68,18088.945,199.0
2023-07-29,Account A,9726900.92,14346.68,203.0
2023-07-30,Account A,4056585.32,25801.0,90.0
2023-07-31,Account A,6148415.42,3569.76,96.0
2023-08-01,Account A,8190911.49,55758.91,169.0
2023-08-02,Account A,6449798.59,8580.0,136.0
2023-08-03,Account A,8607277.13,13122.98,182.0
2023-08-04,Account A,8866486.83,10479.85,195.0
2023-08-05,Account A,8079056.99,14687.84,170.0
2023-08-06,Account A,4266649.96,23102.0,114.0
2023-08-07,Account A,6515533.88,18404.18,135.0
2023-08-08,Account A,9235566.1,21027.0,208.0
2023-08-09,Account A,10219116.91,11114.8,210.0
2023-08-10,Account A,9682516.18,14131.9,163.0
2023-08-11,Account A,9301476.51,11695.0,192.0
2023-08-12,Account A,9059526.26,35073.42,169.0
2023-08-13,Account A,4701819.82,9087.0,133.0
2023-08-14,Account A,4048688.78,7220.99,85.0
2023-08-15,Account A,2123615.93,3707.0,66.0
2023-08-16,Account A,6058258.96,10188.85,98.0
2023-08-17,Account A,7069428.1,23556.0,143.0
2023-08-18,Account A,8741022.13,17103.53,179.0
2023-08-19,Account A,7884361.45,8813.4,164.0
2023-08-20,Account A,2983335.67,5825.0,74.0
2023-08-21,Account A,6525516.9799999995,10900.32,74.0
2023-08-22,Account A,6868292.8,22170.98,135.0
2023-08-23,Account A,6781333.33,28327.42,122.0
2023-08-24,Account A,6773318.95,11627.7,144.0
2023-08-25,Account A,6527636.47,8874.68,98.0
2023-08-26,Account A,5470029.11,6362.94,112.0
2023-08-27,Account A,1800616.72,3092.0,42.0
2023-08-28,Account A,5361840.69,4282.76,99.0
2023-08-29,Account A,4802020.74,6566.0,94.0
2023-08-30,Account A,7124375.12,21802.54,125.0
2023-08-31,Account A,8595854.92,12796.0,169.0
2023-09-01,Account A,3135433.42,6109.411,43.0
2023-09-02,Account A,5461393.609999999,28584.54,121.0
2023-09-03,Account A,2813254.36,8408.0,62.0
2023-09-04,Account A,7265746.91,7575.45,86.0
2023-09-05,Account A,6788425.3,7305.48,152.0
2023-09-06,Account A,11624302.59,15141.456,188.0
2023-09-07,Account A,9882713.07,14179.0,206.0
2023-09-08,Account A,9511228.89,23162.0,214.0
2023-09-09,Account A,10272909.86,6531.357,157.0
2023-09-10,Account A,3661790.29,5492.0,77.0
2023-09-11,Account A,6188378.2700000005,6692.45,101.0
2023-09-12,Account A,11997698.8,28273.1,216.0
2023-09-13,Account A,7489714.3,28938.4,146.0
2023-09-14,Account A,9092843.52,22242.6,203.0
2023-09-15,Account A,10323257.73,13476.79,182.0
2023-09-16,Account A,6764478.55,9977.07,136.0
2023-09-17,Account A,4585296.39,26878.0,97.0
2023-09-18,Account A,0.0,0.0,0.0
2023-09-19,Account A,3288685.18,3049.0,62.0
2023-09-20,Account A,8534132.83,10181.43,189.0
2023-09-21,Account A,7718300.61,24900.0,169.0
2023-09-22,Account A,11066383.08,11623.41,195.0
2023-09-23,Account A,6971139.47,7108.0,135.0
2023-09-24,Account A,5753949.2,8573.0,133.0
2023-09-25,Account A,6452864.51,40932.68,132.0
2023-09-26,Account A,8604766.55,16279.76,161.0
2023-09-27,Account A,9726737.370000001,11940.66,196.0
2023-09-28,Account A,8138286.44,11728.18,163.0
2023-09-29,Account A,6583653.6,9011.16,150.0
2023-09-30,Account A,8387446.0,25949.2,145.0
2023-10-01,Account A,2760080.93,8254.0,64.0
2023-10-02,Account A,0.0,0.0,0.0
2023-10-03,Account A,4778613.16,24819.58,84.0
2023-10-04,Account A,9459219.08,15228.1,174.0
2023-10-05,Account A,9370593.06,13728.363,191.0
2023-10-06,Account A,8292869.34,11729.48,153.0
2023-10-07,Account A,8428143.33,14085.0,160.0
2023-10-08,Account A,5340678.84,9288.0,118.0
2023-10-09,Account A,5342103.48,8107.0,116.0
2023-10-10,Account A,8257306.41,25865.27,175.0
2023-10-11,Account A,8696810.37,19953.95,203.0
2023-10-12,Account A,11403695.25,27168.45,178.0
2023-10-13,Account A,10347686.89,12373.727,208.0
2023-10-14,Account A,23041639.81,353171.53,396.0
2023-10-15,Account A,5967202.9,27057.0,146.0
2023-10-16,Account A,5975455.58,5780.38,120.0
2023-10-17,Account A,11824131.49,39695.1,229.0
2023-10-18,Account A,7885046.52,10524.583,161.0
2023-10-19,Account A,8929061.09,12050.74,172.0
2023-10-20,Account A,9225630.629999999,12674.22,200.0
2023-10-21,Account A,6076763.3,11471.0,134.0
2023-10-22,Account A,3653722.2,5167.0,62.0
2023-10-23,Account A,0.0,0.0,0.0
2023-10-24,Account A,6555828.33,11932.71,126.0
2023-10-25,Account A,9112163.43,15523.54,209.0
2023-10-26,Account A,10289411.51,42942.75,219.0
2023-10-27,Account A,7211443.56,22913.58,175.0
2023-10-28,Account A,9146088.09,12367.0,176.0
2023-10-29,Account A,4693837.44,9634.0,119.0
2023-10-30,Account A,6660634.29,5017.56,100.0
2023-10-31,Account A,13036160.82,15465.232,276.0
2023-11-01,Account A,4779762.46,10988.0,117.0
2023-11-02,Account A,7448058.08,27703.05,154.0
2023-11-03,Account A,7625864.28,19971.1,185.0
2023-11-04,Account A,8249490.88,14809.96,166.0
2023-11-05,Account A,5280011.04,31405.0,113.0
2023-11-06,Account A,5368772.27,6702.81,115.0
2023-11-07,Account A,8381332.04,71113.0,174.0
2023-11-08,Account A,6640686.3,8662.0,132.0
2023-11-09,Account A,8439008.26,9991.411,180.0
2023-11-10,Account A,7488399.33,9828.85,141.0
2023-11-11,Account A,4064930.08,6023.0,75.0
2023-11-12,Account A,0.0,0.0,0.0
2023-11-13,Account A,0.0,0.0,0.0
2023-11-14,Account A,5503101.41,2100.37,70.0
2023-11-15,Account A,3404763.41,6781.0,73.0
2023-11-16,Account A,7922808.55,11696.135,150.0
2023-11-17,Account A,7511086.6,15510.630000000001,188.0
2023-11-18,Account A,5098434.13,8794.99,102.0
2023-11-19,Account A,1511827.01,2493.0,38.0
2023-11-20,Account A,4368396.7,5634.729,105.0
2023-11-21,Account A,5002687.76,6949.82,97.0
2023-11-22,Account A,6701047.01,60384.55,151.0
2023-11-23,Account A,6073158.27,6553.75,129.0
2023-11-24,Account A,6638040.25,9836.1,130.0
2023-11-25,Account A,5080643.88,7667.0,91.0
2023-11-26,Account A,1505390.05,2731.0,42.0
2023-11-27,Account A,3827057.98,5275.31,91.0
2023-11-28,Account A,4867708.11,74247.72,104.0
2023-11-29,Account A,4007142.72,7159.0,111.0
2023-11-30,Account A,6418109.72,7923.73,120.0
2023-12-01,Account A,6881076.56,9662.3,132.0
2023-12-02,Account A,4202281.11,5475.12,58.0
2023-12-03,Account A,2613247.57,4308.0,70.0
2023-12-04,Account A,2075620.9,749.0,54.0
2023-12-05,Account A,1054986.32,232.0,20.0
2023-12-06,Account A,2549886.54,36581.0,66.0
2023-12-07,Account A,4199330.45,7554.0,101.0
2023-12-08,Account A,7857791.51,9390.0,111.0
2023-12-09,Account A,6365935.68,10484.4,126.0
2023-12-10,Account A,3195029.95,7321.0,69.0
2023-12-11,Account A,5743248.51,5845.54,97.0
2023-12-12,Account A,7028122.39,13214.0,149.0
2023-12-13,Account A,7069474.97,8907.5,135.0
2023-12-14,Account A,5841140.29,5065.01,119.0
2023-12-15,Account A,4940303.36,35821.0,81.0
2023-12-16,Account A,2789255.73,3145.27,42.0
2023-12-17,Account A,0.0,0.0,0.0
2023-12-18,Account A,1482629.54,1794.56,30.0
2023-12-19,Account A,3473129.64,4365.59,42.0
2023-12-20,Account A,4023479.08,4905.0,74.0
2023-12-21,Account A,3875092.2,31688.260000000002,87.0
2023-12-22,Account A,4462356.37,4301.0,90.0
2023-12-23,Account A,6676495.37,9614.34,114.0
2023-12-24,Account A,2653400.84,3948.0,47.0
2023-12-25,Account A,7939539.91,363636.32,96.0
2023-12-26,Account A,7324946.71,-354167.44,119.0
2023-12-27,Account A,5556589.8,7747.6,127.0
2023-12-28,Account A,5354324.64,5755.0,141.0
2023-12-29,Account A,8504224.98,22425.45,197.0
2023-12-30,Account A,4991255.39,7704.3,95.0
2023-12-31,Account A,4875373.4,10880.0,98.0
2024-01-01,Account A,2215651.3,603.0,33.0
2024-01-02,Account A,4306919.02,7943.55,130.0
2024-01-03,Account A,5974386.5,12641.256,146.0
2024-01-04,Account A,7414303.51,29417.0,151.0
2024-01-05,Account A,7026464.2,37162.79,155.0
2024-01-06,Account A,6667940.74,9412.63,139.0
2024-01-07,Account A,4325205.48,6177.0,101.0
2024-01-08,Account A,4048454.6,5862.5,85.0
2024-01-09,Account A,8357132.0200000005,16624.0,182.0
2024-01-10,Account A,12547508.27,372859.5,171.0
2024-01-11,Account A,6815356.51,15865.04,124.0
2024-01-12,Account A,7133724.67,36437.03,153.0
2024-01-13,Account A,5882358.28,9599.0,123.0
2024-01-14,Account A,1551786.24,1202.0,5.0
2024-01-15,Account A,0.0,0.0,0.0
2024-01-16,Account A,0.0,0.0,0.0
2024-01-17,Account A,1151624.9,4459.5,29.0
2024-01-18,Account A,5808412.24,5918.09,105.0
2024-01-19,Account A,8506795.74,26132.16,168.0
2024-01-20,Account A,8128558.07,11610.86,143.0
2024-01-21,Account A,2259192.71,3288.0,50.0
2024-01-22,Account A,4157856.17,5673.91,82.0
2024-01-23,Account A,7112170.01,9023.84,135.0
2024-01-24,Account A,6533591.76,7799.85,122.0
2024-01-25,Account A,8701513.84,7002.532,125.0
2024-01-26,Account A,3436730.0700000003,18440.0,83.0
2024-01-27,Account A,2209716.11,89775.0,37.0
2024-01-28,Account A,4060715.29,32756.0,90.0
2024-01-29,Account A,5853768.02,10255.94,128.0
2024-01-30,Account A,6859899.33,32625.0,168.0
2024-01-31,Account A,7297200.88,12031.93,150.0
2024-02-01,Account A,5561042.92,24567.14,132.0
2024-02-02,Account A,5208132.53,10467.99,101.0
2024-02-03,Account A,7509809.98,12567.3,133.0
2024-02-04,Account A,3297235.04,54440.0,81.0
2024-02-05,Account A,5695634.71,4158.27,85.0
2024-02-06,Account A,7637798.19,12299.95,160.0
2024-02-07,Account A,6730364.48,10194.0,173.0
2024-02-08,Account A,7586186.63,11538.0,154.0
2024-02-09,Account A,7623093.52,10988.39,161.0
2024-02-10,Account A,6472506.72,7437.72,142.0
2024-02-11,Account A,4325105.77,18801.0,102.0
2024-02-12,Account A,4444434.78,4591.51,72.0
2024-02-13,Account A,5827810.99,6642.74,112.0
2024-02-14,Account A,5000728.12,10652.5,131.0
2024-02-15,Account A,9115708.62,28923.33,132.0
2024-02-16,Account A,4725981.12,5233.1,98.0
2024-02-17,Account A,3102555.76,3693.16,66.0
2024-02-18,Account A,2036500.74,3041.0,43.0
2024-02-19,Account A,2837120.16,3904.316,62.0
2024-02-20,Account A,6660033.62,5532.18,121.0
2024-02-21,Account A,6095198.8,6611.342,118.0
2024-02-22,Account A,4947507.34,6150.0,116.0
2024-02-23,Account A,6819268.81,18854.78,139.0
2024-02-24,Account A,4873514.66,7000.0,111.0
2024-02-25,Account A,3949488.62,5760.0,86.0
2024-02-26,Account A,3365759.54,3367.66,59.0
2024-02-27,Account A,6765339.42,7141.85,163.0
2024-02-28,Account A,4784897.59,5817.5,91.0
2024-02-29,Account A,7784404.82,13698.869999999999,158.0
2024-03-01,Account A,5313853.3,38056.0,124.0
2024-03-02,Account A,5097472.27,5354.85,99.0
2024-03-03,Account A,2808996.22,4603.0,56.0
2024-03-04,Account A,4323754.02,8873.0,82.0
2024-03-05,Account A,8283511.82,14059.76,185.0
2024-03-06,Account A,10524761.58,18569.61,177.0
2024-03-07,Account A,7358699.0600000005,13708.0,162.0
2024-03-08,Account A,8619688.13,10975.0,193.0
2024-03-09,Account A,5222348.67,6777.61,113.0
2024-03-10,Account A,4526590.13,6151.25,97.0
2024-03-11,Account A,5497371.37,5346.3099999999995,224.0
2024-03-12,Account A,8892181.64,8557.0,207.0
2024-03-13,Account A,8682089.23,30010.48,206.0
2024-03-14,Account A,6610331.87,28927.79,182.0
2024-03-15,Account A,8675950.58,9794.04,197.0
2024-03-16,Account A,5684586.96,7883.24,147.0
2024-03-17,Account A,4583091.05,17333.0,107.0
2024-03-18,Account A,4028061.45,10255.5,84.0
2024-03-19,Account A,12151174.3,198458.188,449.0
2024-03-20,Account A,7060059.3,12790.0,173.0
2024-03-21,Account A,7099553.31,13314.648,181.0
2024-03-22,Account A,5717724.94,7182.7,118.0
2024-03-23,Account A,6572231.27,5804.21,101.0
2024-03-24,Account A,797946.3600000001,961.0,15.0
2024-03-25,Account A,2519528.28,14685.86,58.0
2024-03-26,Account A,2525130.55,2127.96,41.0
2024-03-27,Account A,2749828.53,5718.75,61.0
2024-03-28,Account A,4208149.83,7163.7,82.0
2024-03-29,Account A,4817109.4325,10719.46,111.0
2024-03-30,Account A,2938220.87,3493.58,65.0
2024-03-31,Account A,658175.89,-154.0,33.0
2024-04-01,Account A,0.0,0.0,0.0
2024-04-02,Account A,0.0,0.0,0.0
2024-04-03,Account A,9921347.32,4175.52,107.0
2024-04-04,Account A,10774967.129999999,16468.78,178.0
2024-04-05,Account A,12137301.56,18495.84,220.0
2024-04-06,Account A,9491362.54,16431.0,177.0
2024-04-07,Account A,6441138.55,8920.0,127.0
2024-04-08,Account A,5734262.17,25361.09,115.0
2024-04-09,Account A,9626717.25,43577.733,183.0
2024-04-10,Account A,8329925.07,23569.96,174.0
2024-04-11,Account A,8940263.91,203034.0,152.0
2024-04-12,Account A,8659955.97,33543.52,197.0
2024-04-13,Account A,7393829.2700000005,9135.32,160.0
2024-04-14,Account A,4939061.86,8822.0,91.0
2024-04-15,Account A,4556510.39,6360.61,92.0
2024-04-16,Account A,8561266.2,58114.735,210.0
2024-04-17,Account A,8274268.22,14285.18,198.0
2024-04-18,Account A,8842825.77,10160.36,181.0
2024-04-19,Account A,6016033.4799999995,9544.0,116.0
2024-04-20,Account A,4745487.68,20010.44,112.0
2024-04-21,Account A,6671801.27,9719.809,130.0
2024-04-22,Account A,5650043.4,102121.0,133.0
2024-04-23,Account A,7880191.28,11203.16,168.0
2024-04-24,Account A,9878214.6,15270.02,180.0
2024-04-25,Account A,8223203.26,10507.36,202.0
2024-04-26,Account A,7705847.42,24125.52,154.0
2024-04-27,Account A,6988311.49,23693.0,187.0
2024-04-28,Account A,6813804.68,14200.0,120.0
2024-04-29,Account A,5209539.68,4410.1,140.0
2024-04-30,Account A,10700151.02,-81328.31,256.0
2024-05-01,Account A,1225560.89,3743.0,34.0
2024-05-02,Account A,6166435.94,7998.206,95.0
2024-05-03,Account A,7605041.989999999,29541.010000000002,157.0
2024-05-04,Account A,8674435.56,40108.0,208.0
2024-05-05,Account A,5395130.3,9552.0,111.0
2024-05-06,Account A,5553012.33,28601.64,107.0
2024-05-07,Account A,8959207.709999999,52364.0,237.0
2024-05-08,Account A,7944065.63,10201.12,149.0
2024-05-09,Account A,8508817.31,12272.74,187.0
2024-05-10,Account A,8399570.4,41199.993,168.0
2024-05-11,Account A,8265876.9799999995,46705.91,253.0
2024-05-12,Account A,6181943.0,11723.0,147.0
2024-05-13,Account A,4601968.2299999995,3123.52,108.0
2024-05-14,Account A,8600599.81,20568.96,185.0
2024-05-15,Account A,9313627.43,23407.4,241.0
2024-05-16,Account A,9030483.47,13712.22,173.0
2024-05-17,Account A,9051449.38,12597.63,175.0
2024-05-18,Account A,10235768.1,54566.522,199.0
2024-05-19,Account A,6001891.86,9158.0,108.0
2024-05-20,Account A,6570117.13,9173.0,146.0
2024-05-21,Account A,9092519.95,13493.39,195.0
2024-05-22,Account A,9827452.22,17431.64,240.0
2024-05-23,Account A,7696156.87,13561.08,174.0
2024-05-24,Account A,11486221.52,14883.78,221.0
2024-05-25,Account A,9083824.65,22157.0,205.0
2024-05-26,Account A,7211416.97,23480.0,143.0
2024-05-27,Account A,6506263.15,2763.64,127.0
2024-05-28,Account A,8514903.219999999,26894.17,186.0
2024-05-29,Account A,7979965.75,29490.87,202.0
2024-05-30,Account A,8578013.68,13622.02,208.0
2024-05-31,Account A,10883959.84,15675.04,238.0
2024-06-01,Account A,5103428.2,9406.16,107.0
2024-06-02,Account A,3717578.33,6575.0,73.0
2024-06-03,Account A,4676136.52,4552.34,86.0
2024-06-04,Account A,8849191.15,12160.89,162.0
2024-06-05,Account A,7052615.42,7563.48,167.0
2024-06-06,Account A,9997083.4,68154.11,204.0
2024-06-07,Account A,10574062.73,15359.0,224.0
2024-06-08,Account A,9472940.44,15856.22,185.0
2024-06-09,Account A,5770572.38,9210.0,107.0
2024-06-10,Account A,6918860.42,7232.3,117.0
2024-06-11,Account A,8335394.33,13053.99,180.0
2024-06-12,Account A,8595123.43,14707.14,189.0
2024-06-13,Account A,9579056.2,12124.48,215.0
2024-06-14,Account A,9253758.54,28297.07,215.0
2024-06-15,Account A,6535464.54,8685.93,140.0
2024-06-16,Account A,6105993.89,9384.0,123.0
2024-06-17,Account A,6447789.55,37053.22,124.0
2024-06-18,Account A,10395132.299999999,18391.61,221.0
2024-06-19,Account A,7249563.319999999,9712.0,221.0
2024-06-20,Account A,10516748.02,35603.14,193.0
2024-06-21,Account A,7856650.54,19123.1,206.0
2024-06-22,Account A,10136313.76,42130.93,209.0
2024-06-23,Account A,6834171.08,12940.5,149.0
2024-06-24,Account A,5336794.21,6855.83,116.0
2024-06-25,Account A,11575307.16,13770.88,259.0
2024-06-26,Account A,9399599.19,13568.94,217.0
2024-06-27,Account A,7201081.47,9885.03,157.0
2024-06-28,Account A,7186973.75,36125.72,204.0
2024-06-29,Account A,10385727.67,13168.04,191.0
2024-06-30,Account A,6611622.22,13486.0,136.0
2024-07-01,Account A,4152025.79,3213.48,78.0
2024-07-02,Account A,11398852.799999999,43014.229999999996,218.0
2024-07-03,Account A,10757406.87,14245.27,187.0
2024-07-04,Account A,8088294.7299999995,31027.09,151.0
2024-07-05,Account A,10697759.91,18804.92,214.0
2024-07-06,Account A,5921863.91,26692.73,120.0
2024-07-07,Account A,6420519.96,13535.0,157.0
2024-07-08,Account A,5530187.37,8089.0,110.0
2024-07-09,Account A,9371311.03,16375.56,219.0
2024-07-10,Account A,9355602.02,17724.48,209.0
2024-07-11,Account A,8450957.61,37920.0,202.0
2024-07-12,Account A,8012411.06,48508.6,170.0
2024-07-13,Account A,9163624.79,17900.66,186.0
2024-07-14,Account A,6434003.45,18892.0,122.0
2024-07-15,Account A,4641335.46,3594.124,147.0
2024-07-16,Account A,9082899.14,16653.47,190.0
2024-07-17,Account A,10006982.08,13651.33,191.0
2024-07-18,Account A,10331584.77,48761.28,204.0
2024-07-19,Account A,10703968.33,21786.98,227.0
2024-07-20,Account A,8843631.92,11674.78,187.0
2024-07-21,Account A,7987085.08,45153.0,166.0
2024-07-22,Account A,6413419.03,17336.9,153.0
2024-07-23,Account A,9552199.67,16316.0,220.0
2024-07-24,Account A,9152108.36,11826.45,210.0
2024-07-25,Account A,10286747.14,18868.72,210.0
2024-07-26,Account A,9294159.68,16453.78,171.0
2024-07-27,Account A,9932553.129999999,62554.88,210.0
2024-07-28,Account A,6081312.75,49683.0,129.0
2024-07-29,Account A,5706944.2299999995,19216.41,146.0
2024-07-30,Account A,7772633.62,36357.34,172.0
2024-07-31,Account A,9967469.13,14649.75,201.0
2024-08-01,Account A,4763709.45,9123.02,96.0
2024-08-02,Account A,7518097.72,20776.64,156.0
2024-08-03,Account A,9375043.41,56075.54,185.0
2024-08-04,Account A,6239850.87,10649.0,114.0
2024-08-05,Account A,6047134.02,17357.55,121.0
2024-08-06,Account A,11091291.86,16216.0,218.0
2024-08-07,Account A,10579239.34,17249.0,207.0
2024-08-08,Account A,11223045.77,46838.9,260.0
2024-08-09,Account A,9143553.79,14607.88,191.0
2024-08-10,Account A,11189093.91,15712.6,237.0
2024-08-11,Account A,5550457.33,41001.0,140.0
2024-08-12,Account A,4962860.69,6366.22,125.0
2024-08-13,Account A,9925060.22,11834.23,186.0
2024-08-14,Account A,9917362.28,19908.11,215.0
2024-08-15,Account A,4013383.9,36703.0,89.0
2024-08-16,Account A,6772480.86,11604.13,157.0
2024-08-17,Account A,7090741.79,14756.71,146.0
2024-08-18,Account A,6185167.87,13219.0,122.0
2024-08-19,Account A,5013900.83,10257.0,142.0
2024-08-20,Account A,9170100.39,14936.65,205.0
2024-08-21,Account A,9234449.14,53283.62,215.0
2024-08-22,Account A,8500733.74,22306.46,202.0
2024-08-23,Account A,9434243.26,16250.075,191.0
2024-08-24,Account A,8640765.79,37430.08,189.0
2024-08-25,Account A,7624296.78,10913.0,153.0
2024-08-26,Account A,5386324.84,12632.42,105.0
2024-08-27,Account A,7549755.43,48566.89,203.0
2024-08-28,Account A,10020228.0,47371.1,211.0
2024-08-29,Account A,7383966.17,27312.4,172.0
2024-08-30,Account A,8307374.66,28786.2,181.0
2024-08-31,Account A,7368090.0,14042.17,162.0
2024-09-01,Account A,1972295.31,6043.0,46.0
2024-09-02,Account A,4199341.02,3708.41,66.0
2024-09-03,Account A,5180464.02,10899.86,89.0
2024-09-04,Account A,7862105.069999999,17544.49,250.0
2024-09-05,Account A,8321817.63,13624.72,164.0
2024-09-06,Account A,5532404.21,42538.770000000004,103.0
2024-09-07,Account A,3415450.38,9576.0,75.0
2024-09-08,Account A,719907.55,152.0,26.0
2024-09-09,Account A,6389055.67,13966.0,143.0
2024-09-10,Account A,9330574.28,14244.79,211.0
2024-09-11,Account A,10004299.52,13078.73,196.0
2024-09-12,Account A,8833827.77,15943.15,163.0
2024-09-13,Account A,11814239.459999999,18780.11,258.0
2024-09-14,Account A,10342330.05,193170.0,192.0
2024-09-15,Account A,6568854.95,14276.0,142.0
2024-09-16,Account A,6278859.81,28286.87,135.0
2024-09-17,Account A,12408061.24,15905.051,220.0
2024-09-18,Account A,9014003.7,48107.0,205.0
2024-09-19,Account A,11946187.16,15332.26,246.0
2024-09-20,Account A,11084377.59,18126.59,209.0
2024-09-21,Account A,9127482.18,15151.0,203.0
2024-09-22,Account A,6984969.13,13062.0,155.0
2024-09-23,Account A,5738917.49,4588.51,111.0
2024-09-24,Account A,12222433.27,45889.92,233.0
2024-09-25,Account A,10040799.98,22039.82,229.0
2024-09-26,Account A,10192876.47,619.2769999999998,236.0
2024-09-27,Account A,10481611.4,37295.16,210.0
2024-09-28,Account A,10055599.77,24172.1,259.0
2024-09-29,Account A,7387895.9399999995,11221.0,166.0
2024-09-30,Account A,8317216.28,10079.74,215.0
2024-10-01,Account A,3923054.08,8803.0,97.0
2024-10-02,Account A,3728724.1199999996,6102.0,73.0
2024-10-03,Account A,5590612.43,16618.42,112.0
2024-10-04,Account A,10108884.629999999,18440.96,211.0
2024-10-05,Account A,8581293.77,55706.96,191.0
2024-10-06,Account A,5865740.07,12388.0,115.0
2024-10-07,Account A,6368287.54,16168.0,163.0
2024-10-08,Account A,8811352.41,22508.0,192.0
2024-10-09,Account A,10357141.799999999,58492.63,240.0
2024-10-10,Account A,9603211.48,14073.5,191.0
2024-10-11,Account A,2680696.18,5952.0,52.0
2024-10-12,Account A,1950721.38,4337.0,47.0
2024-10-13,Account A,1476322.24,1479.0,23.0
2024-10-14,Account A,6057141.9399999995,8404.24,108.0
2024-10-15,Account A,9327221.03,30368.64,212.0
2024-10-16,Account A,9189480.1,19140.419,239.0
2024-10-17,Account A,10134618.65,21683.31,252.0
2024-10-18,Account A,8750401.12,26323.0,206.0
2024-10-19,Account A,9155654.11,36583.56,226.0
2024-10-20,Account A,5170067.74,9707.0,116.0
2024-10-21,Account A,6295460.34,5594.96,121.0
2024-10-22,Account A,9060759.7,14150.032,205.0
2024-10-23,Account A,9710340.459999999,53772.26,246.0
2024-10-24,Account A,9381257.4,17167.35,224.0
2024-10-25,Account A,11814446.93,20597.98,239.0
2024-10-26,Account A,8718210.45,13821.05,182.0
2024-10-27,Account A,6729725.03,10679.0,122.0
2024-10-28,Account A,5783145.18,6544.56,129.0
2024-10-29,Account A,6731787.96,13398.82,156.0
2024-10-30,Account A,9004533.59,9390.63,108.0
2024-10-31,Account A,2065867.14,3287.0,37.0
2024-11-01,Account A,0.0,0.0,0.0
2024-11-02,Account A,1956210.32,2306.16,32.0
2024-11-03,Account A,0.0,0.0,0.0
2024-11-04,Account A,5564273.859999999,63997.0,125.0
2024-11-05,Account A,10059012.45,60265.3,194.0
2024-11-06,Account A,8500232.64,13916.88,164.0
2024-11-07,Account A,9303750.07,15817.0,178.0
2024-11-08,Account A,9941672.94,14833.0,203.0
2024-11-09,Account A,9298342.18,34129.5,170.0
2024-11-10,Account A,4608182.4799999995,27572.0,116.0
2024-11-11,Account A,6159749.3,21377.5,116.0
2024-11-12,Account A,10818190.33,14080.94,187.0
2024-11-13,Account A,9331777.5,14583.94,173.0
2024-11-14,Account A,8949510.92,14004.385,184.0
2024-11-15,Account A,9444174.28,45497.76,195.0
2024-11-16,Account A,9334842.93,13338.63,207.0
2024-11-17,Account A,4028559.0,30670.0,89.0
2024-11-18,Account A,6638235.77,8983.85,102.0
2024-11-19,Account A,10134734.41,15049.416,192.0
2024-11-20,Account A,10224548.5,61306.0,216.0
2024-11-21,Account A,9883789.18,25689.68,206.0
2024-11-22,Account A,10112971.07,19979.74,191.0
2024-11-23,Account A,8835977.62,21604.56,175.0
2024-11-24,Account A,3846711.73,6596.0,67.0
2024-11-25,Account A,4431214.96,5020.46,81.0
2024-11-26,Account A,7077278.92,24901.0,115.0
2024-11-27,Account A,9404058.12,12386.45,142.0
2024-11-28,Account A,8503710.8,18890.08,151.0
2024-11-29,Account A,6564365.45,12502.8,123.0
2024-11-30,Account A,4115811.82,5294.49,89.0
2024-12-01,Account A,1534445.0499999998,768.0,23.0
2024-12-02,Account A,2979922.69,3880.68,56.0
2024-12-03,Account A,5023969.12,9516.98,66.0
2024-12-04,Account A,5998210.28,8354.47,112.0
2024-12-05,Account A,5085076.08,7588.17,92.0
2024-12-06,Account A,4509122.13,16115.13,95.0
2024-12-07,Account A,5061110.27,6749.45,82.0
2024-12-08,Account A,1190064.78,2625.0,17.0
2024-12-09,Account A,2611447.09,4891.0,49.0
2024-12-10,Account A,6156620.06,12999.0,121.0
2024-12-11,Account A,7236791.95,31776.89,147.0
2024-12-12,Account A,3930103.77,7419.63,59.0
2024-12-13,Account A,1987490.97,4345.0,34.0
2024-12-14,Account A,4627054.34,10010.23,104.0
2024-12-15,Account A,2875780.19,5470.68,50.0
2024-12-16,Account A,2141910.7399999998,2265.76,36.0
2024-12-17,Account A,4890357.17,7480.9,108.0
2024-12-18,Account A,6774609.29,10000.91,118.0
2024-12-19,Account A,6331656.09,49369.61,164.0
2024-12-20,Account A,6735960.41,11117.57,147.0
2024-12-21,Account A,7684969.06,11840.96,146.0
2024-12-22,Account A,1115016.12,2478.0,19.0
2024-12-23,Account A,5082595.78,4302.4,88.0
2024-12-24,Account A,7605307.9799999995,14106.7,132.0
2024-12-25,Account A,4467107.43,7751.22,108.0
2024-12-26,Account A,4292551.59,6142.0,97.0
2024-12-27,Account A,6121963.75,36408.04,164.0
2024-12-28,Account A,4375648.31,7983.0,101.0
2024-12-29,Account A,1903847.17,4919.0,37.0
2024-12-30,Account A,3650760.9,4709.52,70.0
2024-12-31,Account A,5947653.18,5768.25,139.0
2025-01-01,Account A,5053446.24,5487.0,81.0
2025-01-02,Account A,4550601.17,11142.79,120.0
2025-01-03,Account A,11197847.27,18307.27,223.0
2025-01-04,Account A,8584160.67,39780.57,188.0
2025-01-05,Account A,4712999.4799999995,8462.0,99.0
2025-01-06,Account A,4706547.92,7967.51,81.0
2025-01-07,Account A,6748993.1899999995,30268.0,173.0
2025-01-08,Account A,7382492.59,11187.66,151.0
2025-01-09,Account A,7490485.1899999995,10379.03,185.0
2025-01-10,Account A,8779208.7,13918.78,153.0
2025-01-11,Account A,8449745.209999999,15529.61,182.0
2025-01-12,Account A,2856804.11,4268.0,72.0
2025-01-13,Account A,4286686.88,5124.35,156.0
2025-01-14,Account A,1728868.79,3420.0,55.0
2025-01-15,Account A,529688.69,124.0,10.0
2025-01-16,Account A,2554365.87,3796.16,63.0
2025-01-17,Account A,6887603.07,27933.04,176.0
2025-01-18,Account A,8301033.6899999995,10988.79,170.0
2025-01-19,Account A,4538843.43,4555.02,96.0
2025-01-20,Account A,4988306.63,6015.73,127.0
2025-01-21,Account A,8124843.89,19120.15,189.0
2025-01-22,Account A,6472996.78,12808.19,177.0
2025-01-23,Account A,5660739.83,36605.34,147.0
2025-01-24,Account A,5349772.79,31037.739999999998,124.0
2025-01-25,Account A,5613973.16,26773.38,185.0
2025-01-26,Account A,3765527.5,8750.0,71.0
2025-01-27,Account A,5864374.05,5479.26,120.0
2025-01-28,Account A,5628713.89,11135.33,112.0
2025-01-29,Account A,7430034.2,25903.608,160.0
2025-01-30,Account A,8270901.83,13310.23,144.0
2025-01-31,Account A,9640191.6,111066.96,139.0
2025-02-01,Account A,6116828.59,6158.96,109.0
2025-02-02,Account A,5445864.09,9809.0,128.0
2025-02-03,Account A,4161602.53,6905.0,94.0
2025-02-04,Account A,7645501.64,17295.87,155.0
2025-02-05,Account A,7845201.6899999995,15524.63,188.0
2025-02-06,Account A,6857905.109999999,19256.15,177.0
2025-02-07,Account A,7330461.55,15130.09,132.0
2025-02-08,Account A,6729160.95,12305.88,153.0
2025-02-09,Account A,3390605.36,8406.0,75.0
2025-02-10,Account A,4813964.03,23220.46,106.0
2025-02-11,Account A,7190728.99,13411.130000000001,139.0
2025-02-12,Account A,6353462.29,8668.86,113.0
2025-02-13,Account A,7778547.45,12831.35,182.0
2025-02-14,Account A,5668265.95,9718.69,139.0
2025-02-15,Account A,8069011.03,17314.010000000002,153.0
2025-02-16,Account A,4106836.79,7048.0,76.0
2025-02-17,Account A,4538596.569999999,4269.66,85.0
2025-02-18,Account A,8339693.3,18424.24,192.0
2025-02-19,Account A,8879795.18,57394.45,172.0
2025-02-20,Account A,7153141.6,12181.0,153.0
2025-02-21,Account A,7273827.03,11041.01,196.0
2025-02-22,Account A,9308996.57,37763.69,197.0
2025-02-23,Account A,5448325.54,6491.0,131.0
2025-02-24,Account A,5633821.77,7795.97,110.0
2025-02-25,Account A,8060322.84,16872.66,181.0
2025-02-26,Account A,7077305.65,11696.05,120.0
2025-02-27,Account A,8074344.62,18703.54,165.0
2025-02-28,Account A,8432265.549999999,13203.59,174.0
2025-03-01,Account A,3388419.86,3439.94,61.0
2025-03-02,Account A,3469563.98,7358.0,52.0
2025-03-03,Account A,4043304.63,11646.0,111.0
2025-03-04,Account A,9224677.3,18199.05,178.0
2025-03-05,Account A,7891615.7,25871.87,170.0
2025-03-06,Account A,8565245.72,33965.69,169.0
2025-03-07,Account A,8043273.84,20068.48,167.0
2025-03-08,Account A,7719542.86,10684.87,152.0
2025-03-09,Account A,3769912.41,42904.0,92.0
2025-03-10,Account A,5507138.78,5230.67,116.0
2025-03-11,Account A,7806012.97,13740.29,146.0
2025-03-12,Account A,8507296.75,10974.03,239.0
2025-03-13,Account A,7720843.28,10517.0,157.0
2025-03-14,Account A,6985265.109999999,11602.0,149.0
2025-03-15,Account A,6386194.5,19310.01,159.0
2025-03-16,Account A,4670487.029999999,10076.0,93.0
2025-03-17,Account A,4689938.11,6163.43,87.0
2025-03-18,Account A,7646981.66,38957.42,161.0
2025-03-19,Account A,7591654.6,12637.19,168.0
2025-03-20,Account A,7234453.29,12725.88,161.0
2025-03-21,Account A,6781021.97,8197.77,157.0
2025-03-22,Account A,9369764.26,18380.485,198.0
2025-03-23,Account A,5275131.08,9284.0,95.0
2025-03-24,Account A,4918496.91,7740.49,114.0
2025-03-25,Account A,5004117.58,14895.85,86.0
2025-03-26,Account A,3531938.9699999997,8121.93,96.0
2025-03-27,Account A,4688872.14,21047.63,126.0
2025-03-28,Account A,3410742.68,6452.3099999999995,102.0
2025-03-29,Account A,4594260.02,39795.28,127.0
2025-03-30,Account A,5421217.9799999995,12220.84,100.0
2025-03-31,Account A,2119035.43,-9767.59,53.0
2025-04-01,Account A,7881901.18,8504.19,155.0
2025-04-02,Account A,6347291.1,38983.35,174.0
2025-04-03,Account A,7482634.5,14043.78,170.0
2025-04-04,Account A,7036215.42,8260.27,160.0
2025-04-05,Account A,11143159.37,31375.55,185.0
2025-04-06,Account A,4955851.48,13731.56,91.0
2025-04-07,Account A,6798055.45,66968.64,148.0
2025-04-08,Account A,8297232.06,12169.41,180.0
2025-04-09,Account A,7361002.7700000005,44376.44,204.0
2025-04-10,Account A,10297282.36,31919.0,222.0
2025-04-11,Account A,8978975.91,16862.45,229.0
2025-04-12,Account A,7410496.77,13864.74,148.0
2025-04-13,Account A,7385576.26,13586.9,151.0
2025-04-14,Account A,2342801.26,2751.0,57.0
2025-04-15,Account A,4614290.16,4120.02,98.0
2025-04-16,Account A,8790638.89,14883.87,192.0
2025-04-17,Account A,8394157.86,24868.59,181.0
2025-04-18,Account A,8882587.64,13982.75,215.0
2025-04-19,Account A,9593579.73,45607.15,247.0
2025-04-20,Account A,6292828.36,13816.0,148.0
2025-04-21,Account A,5397710.38,6654.78,126.0
2025-04-22,Account A,8642840.07,36818.24,228.0
2025-04-23,Account A,9185063.89,14903.75,212.0
2025-04-24,Account A,9343681.84,22009.38,224.0
2025-04-25,Account A,10840088.27,39652.0,247.0
2025-04-26,Account A,11099313.2,40804.05,232.0
2025-04-27,Account A,5942258.88,9499.73,132.0
2025-04-28,Account A,5122526.45,6449.91,133.0
2025-04-29,Account A,11233919.459999999,13095.76,266.0
2025-04-30,Account A,15006310.51,45010.551,275.0
2025-05-01,Account A,1792781.0,4927.0,52.0
2025-05-02,Account A,6126891.23,8369.38,126.0
2025-05-03,Account A,7351789.72,18688.77,186.0
2025-05-04,Account A,3163848.39,7700.0,68.0
2025-05-05,Account A,6849199.83,8755.53,143.0
2025-05-06,Account A,8858342.15,14214.42,200.0
2025-05-07,Account A,9932153.58,67479.01,212.0
2025-05-08,Account A,9546397.72,31256.21,241.0
2025-05-09,Account A,9314548.3,15933.86,237.0
2025-05-10,Account A,8335532.47,28611.31,220.0
2025-05-11,Account A,6642026.09,25695.0,151.0
2025-05-12,Account A,3201469.5,2142.57,91.0
2025-05-13,Account A,8390297.5,13998.69,192.0
2025-05-14,Account A,8736783.75,21832.66,219.0
2025-05-15,Account A,10513197.02,34284.37,271.0
2025-05-16,Account A,8550471.07,55462.27,204.0
2025-05-17,Account A,8169745.76,19014.12,222.0
2025-05-18,Account A,8092793.390000001,13783.72,154.0
2025-05-19,Account A,4759106.46,5458.0,136.0
2025-05-20,Account A,8479422.13,12215.87,202.0
2025-05-21,Account A,9039874.15,42394.37,234.0
2025-05-22,Account A,8499024.32,14439.95,229.0
2025-05-23,Account A,9761776.87,13971.7,239.0
2025-05-24,Account A,9154087.4198,18439.79,225.0
2025-05-25,Account A,6631258.94,39195.2,140.0
2025-05-26,Account A,5477191.55,7114.61,155.0
2025-05-27,Account A,9297898.22,18052.41,225.0
2025-05-28,Account A,9532092.66,23022.07,227.0
2025-05-29,Account A,7688307.84,15728.04,187.0
2025-05-30,Account A,10156768.27,16886.21,207.0
2025-05-31,Account A,12441226.18,88506.71,333.0
2025-06-01,Account A,1211895.66,2991.28,28.0
2025-06-02,Account A,5047583.28,7304.67,123.0
2025-06-03,Account A,7708515.9,33503.06,179.0
2025-06-04,Account A,10323551.46,23192.12,240.0
2025-06-05,Account A,7897667.54,18310.19,192.0
2025-06-06,Account A,9751345.81,15429.48,209.0
2025-06-07,Account A,8660613.11,10622.93,221.0
2025-06-08,Account A,4890401.46,10416.0,115.0
2025-06-09,Account A,4697466.75,53243.0,115.0
2025-06-10,Account A,9563121.38,18614.79,266.0
2025-06-11,Account A,8888490.09,12178.95,225.0
2025-06-12,Account A,9251213.03,24462.21,229.0
2025-06-13,Account A,9279466.73,25470.84,238.0
2025-06-14,Account A,8497669.19,31036.88,225.0
2025-06-15,Account A,7177101.86,12855.64,150.0
2025-06-16,Account A,4194086.38,6022.0,140.0
2025-06-17,Account A,9994685.81,43671.86,261.0
2025-06-18,Account A,9707173.09,17115.99,236.0
2025-06-19,Account A,9223998.9,17109.15,246.0
2025-06-20,Account A,10160701.29,57901.03,262.0
2025-06-21,Account A,8083154.12,13444.77,224.0
2025-06-22,Account A,6708201.56,14030.0,128.0
2025-06-23,Account A,5583056.04,11506.47,161.0
2025-06-24,Account A,10141410.8,15616.8,259.0
2025-06-25,Account A,9545071.51,32072.774,237.0
2025-06-26,Account A,9436397.49,20598.809999999998,229.0
2025-06-27,Account A,9579507.98,15464.44,237.0
2025-06-28,Account A,11925981.98,23164.87,274.0
2025-06-29,Account A,6414541.216,12929.013,145.0
2025-06-30,Account A,9246156.959999999,17158.679,218.0
2025-07-01,Account A,7101895.21,11923.92,189.0
2025-07-02,Account A,7256659.4,12551.83,169.0
2025-07-03,Account A,8705507.53,52238.326,223.0
2025-07-04,Account A,9595156.56,18275.962,219.0
2025-07-05,Account A,8012189.02,24671.175,192.0
2025-07-06,Account A,9332052.39,14301.98,179.0
2025-07-07,Account A,5053601.47,4187.27,90.0
2025-07-08,Account A,9202624.21,40381.934,211.0
2025-07-09,Account A,7567554.22,14198.01,173.0
2025-07-10,Account A,10382416.040000001,17650.922,259.0
2025-07-11,Account A,9561880.23,56234.99,236.0
2025-07-12,Account A,8008269.61,14942.777,185.0
2025-07-13,Account A,5926525.15,35015.0,138.0
2025-07-14,Account A,5237917.97,7932.83,120.0
2025-07-15,Account A,9488759.51,29924.52,237.0
2025-07-16,Account A,8283123.0,32617.896,200.0
2025-07-17,Account A,8828406.28,15200.147,198.0
2025-07-18,Account A,8868584.55,17810.955,238.0
2025-07-19,Account A,9010690.5,14767.515,210.0
2025-07-20,Account A,4836123.97,21145.0,128.0
2025-07-21,Account A,5474405.09,7293.18,129.0
2025-07-22,Account A,15136610.98,29775.607,257.0
2025-07-23,Account A,9374063.23,10579.616,172.0
2025-07-24,Account A,11231418.51,128281.439,250.0
2025-07-25,Account A,12959960.55,14123.542,248.0
2025-07-26,Account A,8493271.59,22434.86,217.0
2025-07-27,Account A,7815481.66,14023.0,159.0
2025-07-28,Account A,5222674.51,6671.13,191.0
2025-07-29,Account A,11729023.26,17946.69,261.0
2025-07-30,Account A,10364180.47,19441.26,263.0
2025-07-31,Account A,13482172.65,38674.505,339.0
2025-08-01,Account A,5996877.26,11390.64,124.0
2025-08-02,Account A,7764071.02,15062.395,193.0
2025-08-03,Account A,5916923.774999999,19629.609,115.0
2025-08-04,Account A,4656505.84,17871.36,114.0
2025-08-05,Account A,8713600.11,11736.255,168.0
2025-08-06,Account A,12459303.93,113887.09,275.0
2025-08-07,Account A,9520365.24,10487.873,204.0
2025-08-08,Account A,14884581.09,70210.18299999999,218.0
2025-08-09,Account A,7449702.065,12180.508,148.0
2025-08-10,Account A,8015999.37,15181.94,180.0
2025-08-11,Account A,5910079.94,5195.57,135.0
2025-08-12,Account A,9514098.085,14382.123,222.0
2025-08-13,Account A,8260002.07,9464.41,166.0
2025-08-14,Account A,12038054.595,30939.186999999998,218.0
2025-08-15,Account A,3324976.32,13013.41,83.0
2025-08-16,Account A,5898508.58,9367.661,122.0
2025-08-17,Account A,7738242.82,7057.64,113.0
2025-08-18,Account A,5279263.64,6399.005,158.0
2025-08-19,Account A,10645574.85,20975.91,222.0
2025-08-20,Account A,15390825.07,79374.391,218.0
2025-08-21,Account A,8742238.16,11158.58,210.0
2025-08-22,Account A,9839940.15,71213.216,215.0
2025-08-23,Account A,10447247.77,17867.666,186.0
2025-08-24,Account A,10506887.428,12723.094000000001,187.0
2025-08-25,Account A,6847816.02,13399.64,141.0
2025-08-26,Account A,10431732.959,12726.035,180.0
2025-08-27,Account A,4884994.28,10736.0,105.0
2025-08-28,Account A,7627156.718,15241.949,149.0
2025-08-29,Account A,12063508.766,15417.893,246.0
2025-08-30,Account A,8536965.6,34207.202,189.0
2025-08-31,Account A,9326197.29,46485.851,224.0
2025-09-01,Account A,5615820.49,6405.658,71.0
2025-09-02,Account A,8780644.82,15547.705,157.0
2025-09-03,Account A,10673726.49,28937.72,246.0
2025-09-04,Account A,7598506.71,47821.332,199.0
2025-09-05,Account A,10421556.47,21430.82,244.0
2025-09-06,Account A,8488207.145,35491.981,199.0
2025-09-07,Account A,4854826.45,14566.79,97.0
2025-09-08,Account A,4430648.595,12446.671,119.0
2025-09-09,Account A,9506262.62,16909.91,260.0
2025-09-10,Account A,11592958.46,15773.682,195.0
2025-09-11,Account A,10520150.85,21915.62,271.0
2025-09-12,Account A,9469312.06,13174.337,200.0
2025-09-13,Account A,4438895.41,3660.692,116.0
2025-09-14,Account A,5067854.0200000005,40434.0,104.0
2025-09-15,Account A,6315877.535,3548.458,100.0
2025-09-16,Account A,13539694.08,17624.547,254.0
2025-09-17,Account A,7882494.42,21278.13,182.0
2025-09-18,Account A,8304167.285,10216.845,218.0
2025-09-19,Account A,10170636.985,16698.763,240.0
2025-09-20,Account A,11221499.515,72503.302,421.0
2025-09-21,Account A,6185301.93,10210.0,149.0
2025-09-22,Account A,4280983.7,19065.075,119.0
2025-09-23,Account A,8459462.18,19955.1,284.0
2025-09-24,Account A,8357760.57,12595.607,240.0
2025-09-25,Account A,9501217.41,10666.43,207.0
2025-09-26,Account A,9649021.345,22032.29,247.0
2025-09-27,Account A,11835160.17,19431.411,223.0
2025-09-28,Account A,7864374.56,10064.64,183.0
2025-09-29,Account A,8770732.77,13430.94,163.0
2025-09-30,Account A,8930920.22,11283.69,326.0
2025-10-01,Account A,1896736.84,33695.0,48.0
2025-10-02,Account A,0.0,0.0,0.0
2025-10-03,Account A,3563553.4699999997,33513.572,89.0
2025-10-04,Account A,6387357.08,17359.941,154.0
2025-10-05,Account A,6177931.09,11623.31,158.0
2025-10-06,Account A,6594229.22,12528.166000000001,158.0
2025-10-07,Account A,9221030.83,12104.568,193.0
2025-10-08,Account A,10917139.83,40634.79,206.0
2025-10-09,Account A,8813327.67,14105.921,214.0
2025-10-10,Account A,10131324.56,60213.08,254.0
2025-10-11,Account A,7768127.09,12808.572,237.0
2025-10-12,Account A,11133964.584999999,13077.073,188.0
2025-10-13,Account A,5476778.56,30556.64,156.0
2025-10-14,Account A,8394975.95,13381.539,250.0
2025-10-15,Account A,8869587.36,54118.34,259.0
2025-10-16,Account A,11276229.71,10373.295,229.0
2025-10-17,Account A,8067191.109999999,14110.08,234.0
2025-10-18,Account A,7129931.4799999995,8818.09,204.0
2025-10-19,Account A,5122875.04,7346.0,136.0
2025-10-20,Account A,0.0,0.0,0.0
2025-10-21,Account A,571776.15,170.0,13.0
2025-10-22,Account A,3583844.85,6594.0,121.0
2025-10-23,Account A,9548753.290000001,13514.613,200.0
2025-10-24,Account A,6967717.7700000005,8648.71,183.0
2025-10-25,Account A,10674491.37,17085.25,239.0
2025-10-26,Account A,7132276.06,14458.91,208.0
2025-10-27,Account A,4975989.59,32240.3,139.0
2025-10-28,Account A,12827341.56,11641.915,204.0
2025-10-29,Account A,9273590.495,14101.581,249.0
2025-10-30,Account A,9149639.67,27997.363,229.0
2025-10-31,Account A,13758970.145,26279.917,377.0
2025-11-01,Account A,3172607.59,6725.46,69.0
2025-11-02,Account A,3518436.64,8036.0,71.0
2025-11-03,Account A,4943995.26,5763.46,84.0
2025-11-04,Account A,11033625.38,13653.327,189.0
2025-11-05,Account A,7612455.985,20774.275999999998,199.0
2025-11-06,Account A,7779648.7,12996.374,208.0
2025-11-07,Account A,8711674.68,43088.02,259.0
2025-11-08,Account A,7878973.68,19660.968,199.0
2025-11-09,Account A,8110242.415,9297.411,161.0
2025-11-10,Account A,7204365.864999999,36023.06,117.0
2025-11-11,Account A,7908652.88,12945.0,238.0
2025-11-12,Account A,9698408.26,23394.04,247.0
2025-11-13,Account A,8834124.63,12084.16,213.0
2025-11-14,Account A,8530141.12,23888.79,248.0
2025-11-15,Account A,9660371.9,31902.897,231.0
2025-11-16,Account A,5785729.52,12906.0,147.0
2025-11-17,Account A,6822842.4,39365.43,200.0
2025-11-18,Account A,8114682.71,17533.21,240.0
2025-11-19,Account A,11160371.505,12138.308,245.0
2025-11-20,Account A,11233490.115,20626.569,257.0
2025-11-21,Account A,8885229.27,51126.92,252.0
2025-11-22,Account A,12836140.67,586405.54,209.0
2025-11-23,Account A,4300635.4799999995,8554.0,159.0
2025-11-24,Account A,6016548.46,26609.85,154.0
2025-11-25,Account A,7671950.29,12762.77,231.0
2025-11-26,Account A,12041465.36,16002.481,257.0
2025-11-27,Account A,6975968.41,10041.03,190.0
2025-11-28,Account A,10026519.66,71350.055,270.0
2025-11-29,Account A,12763511.775,11166.479,218.0
2025-11-30,Account A,5258216.17,6759.44,138.0
2025-12-01,Account A,1373479.93,1421.92,34.0
2025-12-02,Account A,2820725.19,3832.0,66.0
2025-12-03,Account A,3758367.83,8598.195,93.0
2025-12-04,Account A,7008413.75,15710.59,176.0
2025-12-05,Account A,6434142.84,26998.78,183.0
2025-12-06,Account A,7867127.8,28494.32,229.0
2025-12-07,Account A,4178667.8499999996,8056.215,102.0
2025-12-08,Account A,10527412.59,7494.0,174.0
2025-12-09,Account A,7056952.47,10424.0,194.0
2025-12-10,Account A,6004026.05,10650.0,178.0
2025-12-11,Account A,7662412.9350000005,24884.2,181.0
2025-12-12,Account A,7641959.819999999,34749.21,189.0
2025-12-13,Account A,8003257.25,8762.553,126.0
2025-12-14,Account A,2218122.48,7774.0,50.0
2025-12-15,Account A,21434195.78,4788.52,126.0
2025-12-16,Account A,4528586.07,32306.47,110.0
2025-12-17,Account A,5423998.81,8909.47,118.0
2025-12-18,Account A,8316536.4,13308.294,130.0
2025-12-19,Account A,5430773.9,7968.7,109.0
2025-12-20,Account A,3193135.134,8514.407,47.0
2025-12-21,Account A,1284216.8199999998,2498.0,40.0
2025-12-22,Account A,3689418.79,4110.874,64.0
2025-12-23,Account A,5725490.22,29252.38,136.0
2025-12-24,Account A,6405568.61,12109.52,189.0
2025-12-25,Account A,5427911.17,744.6800000000001,168.0
2025-12-26,Account A,5104117.11,6621.74,150.0
2025-12-27,Account A,5589262.08,5717.59,169.0
2025-12-28,Account A,2116809.83,5898.0,51.0
2025-12-29,Account A,2986306.09,4397.26,112.0
2025-12-30,Account A,4591143.4799999995,5698.226,127.0
2025-12-31,Account A,4620654.95,5194.363,130.0
2026-01-01,Account A,5105955.74,19228.64,105.0
2026-01-02,Account A,6705502.38,35003.025,158.0
2026-01-03,Account A,6967501.6899999995,15070.1,163.0
2026-01-04,Account A,2642657.85,12039.0,48.0
2026-01-05,Account A,4652850.56,5877.8099999999995,109.0
2026-01-06,Account A,7218677.88,13296.0,175.0
2026-01-07,Account A,7244077.47,40474.551,151.0
2026-01-08,Account A,7513888.49,10628.55,174.0
2026-01-09,Account A,9206434.46,38854.92,188.0
2026-01-10,Account A,7819275.03,13124.66,156.0
2026-01-11,Account A,5291280.49,43461.0,104.0
2026-01-12,Account A,5824133.66,9758.61,127.0
2026-01-13,Account A,7405614.335,11145.703,147.0
2026-01-14,Account A,5320680.83,16699.36,123.0
2026-01-15,Account A,496607.57,329.0,11.0
2026-01-16,Account A,0.0,0.0,0.0
2026-01-17,Account A,832509.73,244.0,24.0
2026-01-18,Account A,2465425.59,3201.0,58.0
2026-01-19,Account A,4982932.68,13634.0,106.0
2026-01-20,Account A,6972175.54,21847.59,179.0
2026-01-21,Account A,8246135.42,10233.335,190.0
2026-01-22,Account A,7587202.62,42729.934,176.0
2026-01-23,Account A,8467349.0,13862.515,190.0
2026-01-24,Account A,7133774.7,18452.62,157.0
2026-01-25,Account A,4492338.11,8844.0,98.0
2026-01-26,Account A,1049950.14,3520.0,14.0
2026-01-27,Account A,5531668.94,8656.897,101.0
2026-01-28,Account A,7142429.79,8072.225,133.0
2026-01-29,Account A,7027539.64,11829.86,144.0
2026-01-30,Account A,7634070.82,14425.0,158.0
2026-01-31,Account A,10195227.19,32857.308,212.0
2026-02-01,Account A,1577579.2391195928,3218.62,38.0
2026-02-02,Account A,2899581.7203411553,38615.6,49.0
2026-02-03,Account A,4403944.725870131,12581.84,104.0
2026-02-04,Account A,9121467.783179233,592640.3,144.0
2026-02-05,Account A,5710703.876828192,12224.11,105.0
2026-02-06,Account A,6948067.881429607,11915.975,116.0
2026-02-07,Account A,4933325.923973344,34435.544,87.0
2026-02-08,Account A,5240699.038882282,11652.0,108.0
2026-02-09,Account A,3934704.874171877,93153.19,39.0
2026-02-10,Account A,8416117.100541629,12877.923999999999,154.0
2026-02-11,Account A,6531292.127623892,15291.92,181.0
2026-02-12,Account A,4972269.949516283,9577.32,160.0
2026-02-13,Account A,8204442.587344931,17234.68,204.0
2026-02-14,Account A,6320012.352612065,37447.442,113.0
2026-02-15,Account A,4977502.166016475,9789.0,121.0
2026-02-16,Account A,3580348.0297330664,4918.75,58.0
2026-02-17,Account A,6264285.4870054,71075.552,151.0
2026-02-18,Account A,4835161.98211594,12860.44,100.0
2026-02-19,Account A,6324348.564484954,14710.346,140.0
2026-02-20,Account A,12846544.30868321,9883.442000000001,173.0
2026-02-21,Account A,5360066.483135001,27353.5,118.0
2026-02-22,Account A,4150581.5346250436,37861.0,104.0
2026-02-23,Account A,2974267.3282112535,4990.9400000000005,83.0
2026-02-24,Account A,6774193.462030117,12312.135,224.0
2026-02-25,Account A,7775983.431747863,12884.499,206.0
2026-02-26,Account A,6208143.901985847,11426.027,147.0
2026-02-27,Account A,7080771.674920118,29655.19,150.0
2026-02-28,Account A,9435174.34758043,50727.27,258.0
2026-03-01,Account A,3537965.9024147354,7781.0,79.0
2026-03-02,Account A,2060495.9574911273,4391.534,38.0
2026-03-03,Account A,5105025.820581024,8677.424,100.0
2026-03-04,Account A,7572781.181813488,9537.163,137.0
2026-03-05,Account A,5025774.45896987,8265.758,97.0
2026-03-06,Account A,7414738.4074393315,12457.05,209.0
2026-03-07,Account A,5396533.042809756,27836.72,139.0
2026-03-08,Account A,6075528.581527183,29926.479,141.0
2026-03-09,Account A,3564239.8671898157,7364.0650000000005,126.0
2026-03-10,Account A,7160617.546773859,10236.729,168.0
2026-03-11,Account A,8459015.627533007,131428.951,189.0
2026-03-12,Account A,6651698.649575493,12262.004,151.0
2026-03-13,Account A,7415444.240431067,27021.29,179.0
2026-03-14,Account A,9557686.795134543,8035.306,154.0
2026-03-15,Account A,3199890.4134483314,5616.0,95.0
2026-03-16,Account A,4393787.172190341,6536.22,114.0
2026-03-17,Account A,7177699.856536866,12225.26,158.0
2026-03-18,Account A,5261449.568491552,8436.37,139.0
2026-03-19,Account A,6665114.028803797,9932.523,167.0
2026-03-20,Account A,6486973.515015481,32049.5,137.0
2026-03-21,Account A,5849272.096633258,9170.364,148.0
2026-03-22,Account A,6190317.626751634,10134.84,154.0
2026-03-23,Account A,3194042.4362952528,15265.04,107.0
2026-03-24,Account A,5945713.402372658,7219.44,167.0
2026-03-25,Account A,6941632.59010308,13315.009,144.0
2026-03-26,Account A,6294599.29290961,18473.045,179.0
2026-03-27,Account A,6195083.551368159,11241.43,160.0
2026-03-28,Account A,7295183.210769194,14936.41,157.0
2026-03-29,Account A,3912279.534719232,10556.0,107.0
2026-03-30,Account A,4292670.921447137,1137.432,80.0
2026-03-31,Account A,13157095.322187606,38455.058,241.0
2026-04-01,Account A,489027.9428828766,442.084,5.0
2026-04-02,Account A,5710086.498818436,14562.494,98.0
2026-04-03,Account A,4224378.000593182,13086.264,89.0
2026-04-04,Account A,5625208.897810737,15993.92,100.0
2026-04-05,Account A,3766112.326079415,65726.0,87.0
2026-04-06,Account A,2414831.729867562,63833.85,66.0
2026-04-07,Account A,6311009.140855226,11467.855,207.0
2026-04-08,Account A,5400295.590969648,35304.705,121.0
2026-04-09,Account A,5720668.062678329,20458.83,160.0
2026-04-10,Account A,4731080.6120425435,10090.04,82.0
2026-04-11,Account A,6059404.490283029,11207.705,116.0
2026-04-12,Account A,4195072.218667059,6890.416,94.0
2026-04-13,Account A,2790810.646237765,6254.6,43.0
2026-04-14,Account A,3914987.6850721063,5610.16,70.0
2026-04-15,Account A,7084427.2641355805,8232.505000000001,67.0
2026-04-16,Account A,5411126.25755301,9213.535,99.0
2026-04-17,Account A,6079551.675606448,22189.159,114.0
2026-04-18,Account A,5245802.318822597,10086.535,120.0
2026-04-19,Account A,5234961.850324057,9877.795,146.0
2026-04-20,Account A,2674182.4678689786,32718.0,87.0
2026-04-21,Account A,5573443.9773721555,69414.065,145.0
2026-04-22,Account A,6242022.365367866,64559.123999999996,153.0
2026-04-23,Account A,1779360.7899419107,3494.928,36.0
2026-04-24,Account A,3523124.9508667327,7294.2119999999995,83.0
2026-04-25,Account A,4200828.456704323,10277.44,120.0
2026-04-26,Account A,4795595.199275082,9250.14,101.0
2026-04-27,Account A,2067903.8347092683,1507.375,59.0
2026-04-28,Account A,6016371.998771347,11257.58,152.0
2026-04-29,Account A,7103066.465880114,13934.817,181.0
2026-04-30,Account A,14584885.833709532,11841.484,236.0
2026-05-01,Account A,1209896.7077619296,2768.035,21.0
2026-05-02,Account A,1175706.9442098723,1917.006,23.0
2026-05-03,Account A,3371493.8883380047,6448.0,80.0
2026-05-04,Account A,2265275.5139267556,72392.83,69.0
2026-05-05,Account A,5818260.676424727,11950.912,140.0
2026-05-06,Account A,4751293.244247478,8373.132,114.0
2026-05-07,Account A,6965285.8767874185,33180.763,186.0
2026-05-08,Account A,4331869.050567337,11506.128,120.0
2026-05-09,Account A,5923710.856796569,10803.462,119.0
2026-05-10,Account A,3107044.9689491475,5424.92,61.0
2026-05-11,Account A,3202831.2357488265,4160.973,36.0
2026-05-12,Account A,7242538.791084357,11522.42,148.0
2026-05-13,Account A,4792742.788134531,14538.697,141.0
2026-05-14,Account A,5158678.421981193,8879.838,115.0
2026-05-15,Account A,6822486.219032067,15398.384,162.0
